ID,label
39236,1
1353,1
39280,0
1665,0
14925,1
31626,1
45515,0
41672,1
29905,1
18576,0
18182,1
7972,0
2507,0
15531,0
3113,1
10658,1
44733,0
31514,1
4964,1
31956,0
19323,0
27835,0
6777,1
28325,1
29241,1
10173,1
40729,1
44873,0
17782,0
18346,1
33385,1
9618,1
17681,1
37601,0
27458,1
5477,0
3164,0
6943,1
11432,0
21794,0
36007,1
41534,1
45769,0
1732,1
13434,1
3040,1
1212,1
37376,0
33393,0
19865,1
4965,1
27895,1
12103,1
30749,0
28219,1
25380,0
17997,1
15783,1
22429,1
38194,1
32055,1
5124,0
11802,1
39245,0
10493,1
11690,0
26098,1
11895,1
37826,1
1119,0
43536,1
37165,1
10882,1
37458,1
42704,1
31814,0
4249,1
27717,0
43338,1
1213,0
14392,1
43163,1
32910,1
3763,0
40606,0
9525,0
31284,1
25771,0
21005,1
30170,0
8270,0
3688,0
3216,0
13745,1
45981,1
5258,1
20923,0
20115,1
32891,1
6624,0
18878,0
3256,0
43627,0
38322,1
44362,0
41866,1
42333,1
4920,0
15707,1
17760,1
18898,0
15622,1
23440,0
41276,0
36187,1
5008,0
8530,1
10415,1
17274,0
4027,1
43657,1
23919,0
32347,1
30111,1
35872,0
14287,1
12817,1
31308,1
24330,0
17764,0
13349,1
29553,0
19659,0
41521,0
11953,0
20442,1
30560,1
14761,0
16134,0
2909,1
41791,0
44065,1
15233,1
32003,1
30556,0
1499,1
25683,1
5370,1
22817,1
933,1
1653,1
13241,1
15907,1
29833,0
24477,1
24579,1
32300,0
2976,0
8486,0
8804,0
20684,0
10211,1
14029,0
19078,0
11298,1
31535,0
7287,1
4646,0
7507,1
14757,0
12718,1
29414,1
12776,0
10530,0
28539,1
4918,1
45355,0
32036,1
25951,1
27160,0
3833,1
24014,0
21540,1
24817,0
18564,0
21193,1
11451,1
23289,1
19968,0
16724,1
27772,0
29083,0
4292,0
34601,1
25373,0
14887,1
23774,0
30617,0
36322,0
7950,0
32400,0
20802,0
43796,1
8051,1
7823,1
28360,0
21697,1
36136,1
42757,1
31204,0
26611,0
21006,0
40002,0
14809,0
23664,1
27736,1
12853,0
38103,1
14413,1
23013,1
29453,1
35789,0
1713,1
37495,1
21242,1
18158,1
45005,0
13166,1
40202,0
45350,1
33684,0
27270,0
23861,1
12276,1
43622,1
19290,1
35294,1
40054,0
3887,1
5886,1
15459,0
8404,0
696,1
15242,0
23261,1
33119,0
24088,0
42360,1
33846,1
1350,1
1218,0
42723,0
42540,0
29955,0
26490,1
43109,0
19378,1
30144,1
42761,1
40258,0
14610,1
25716,0
154,0
41917,0
9001,0
13302,1
39293,1
34734,0
25068,1
30045,1
32139,0
8087,1
23770,1
42207,1
30284,0
10648,0
9557,0
2491,1
2873,0
19086,1
42179,1
38915,1
23019,1
19371,1
6484,0
1603,1
32587,0
4244,1
35581,1
11461,0
21423,0
13059,0
39428,0
4906,0
23587,1
9505,0
27930,1
31953,0
22990,1
35850,1
20710,0
43452,0
34343,0
7459,1
22710,1
44941,1
18935,1
21939,1
30519,0
29078,1
29578,0
24089,1
28376,1
35619,0
9458,0
45695,1
13030,1
24526,0
21307,0
9647,1
25231,0
12758,0
41632,1
513,0
15269,1
40650,1
22862,1
21804,1
13331,0
31841,0
26314,1
9784,1
38474,0
26688,1
45892,0
9785,0
12231,1
13208,1
11747,0
42263,1
16904,1
40939,1
7381,1
29725,0
41469,1
23419,0
11520,0
25732,0
25870,0
9487,0
35997,1
16019,0
14815,1
23515,1
5179,1
43490,0
44907,1
36535,1
2983,1
29287,1
2917,0
22803,0
22560,0
919,1
30179,1
25467,1
217,1
32677,0
10425,0
33247,1
4784,1
26541,1
27367,0
27374,1
29015,1
44085,0
7812,1
36644,0
20786,1
28615,0
28927,0
11331,1
22015,0
7744,1
43577,0
22733,0
40034,0
22328,1
24253,0
4956,0
32456,1
2183,1
270,0
39985,0
8600,1
16099,1
17358,1
24724,0
30954,1
39807,1
1806,0
33585,0
10803,1
9528,0
30250,0
6508,1
9691,0
11825,0
15016,1
19830,1
17428,1
20773,0
34266,1
34041,0
23946,0
36899,1
7333,0
21482,1
42435,0
23049,1
25205,0
36602,0
16074,1
10801,0
24494,0
41292,1
45413,1
28157,1
29117,1
41004,0
36530,1
8585,1
4923,1
32076,0
11369,1
43097,0
28987,1
26424,1
36674,1
23120,1
22964,1
22704,1
23460,1
40148,0
23403,1
31230,1
3867,0
42005,1
37205,1
7827,1
34533,0
36726,1
1803,0
27598,0
32228,1
29516,1
3915,1
43539,1
17412,1
37236,1
17887,0
12521,1
8913,1
36792,1
41508,0
41863,1
6106,0
43918,0
9265,0
41368,0
45010,0
5944,1
5031,0
7496,1
34117,1
13988,0
20667,1
8101,0
27212,0
7179,0
45274,0
43142,0
10401,0
38971,1
1841,1
10793,1
35346,1
5314,1
31139,0
39030,1
36247,0
23589,0
19031,1
14305,0
45911,1
6222,1
34841,0
45330,1
23750,1
39642,1
26805,1
43652,0
7350,1
27705,0
37232,1
5610,0
43874,0
27029,0
16456,0
26319,1
39806,0
43429,1
38056,0
4563,1
3644,0
36114,0
17424,1
32652,1
12831,0
37732,1
12238,0
40224,1
23588,0
45430,0
4839,0
21446,0
8550,1
618,1
21425,0
19718,0
7610,1
2994,1
16915,1
18739,1
40960,1
9882,0
6368,1
13636,0
12675,1
20262,0
9254,1
33658,0
2372,1
25,1
817,1
36201,1
29675,1
8416,0
34780,1
12385,1
40436,1
44923,1
17540,0
30754,1
23791,1
43096,1
12715,0
26413,1
40739,1
1975,0
41264,0
45183,1
20637,1
5427,0
36280,1
16883,1
31399,1
3803,1
25963,1
37213,1
21871,0
25944,0
2737,1
21113,1
8471,1
23249,1
6210,0
7899,1
28739,1
19548,1
44861,1
7150,0
21793,0
20905,0
11243,0
24690,1
25510,1
37573,0
10976,1
24443,1
1929,1
38718,0
3799,1
16413,0
23874,1
33180,1
43666,0
23415,0
37180,0
23743,1
1140,1
14416,0
11449,1
27460,1
30511,1
18949,1
22967,1
3747,1
44881,1
14714,1
15355,0
10969,0
1776,0
20752,1
11455,1
3492,1
29009,1
13517,1
10150,0
44089,0
4576,1
21430,1
8374,1
23202,1
40318,1
811,0
35342,0
42677,1
15825,0
41627,0
37004,1
18471,1
42713,0
26619,1
9910,0
26867,1
29147,0
3731,0
17783,0
16284,1
27406,0
34050,0
31049,0
19808,1
34520,0
17517,1
30480,0
36808,1
16922,0
2863,1
4304,1
45249,1
27704,0
13408,1
29032,1
15420,1
40865,0
35223,0
44600,1
7668,1
1905,0
22592,0
25883,0
14027,1
5233,1
31272,0
29298,1
20514,0
38232,1
43947,1
18317,1
29836,0
950,1
41673,0
4675,1
24710,0
5683,0
7903,1
33987,0
4462,0
20694,1
13463,0
6122,1
18030,1
24176,0
26471,1
35543,0
38494,0
45323,1
10149,1
24596,0
11921,0
21141,0
25651,1
8751,1
40409,0
10712,0
38291,0
42504,1
43875,0
9851,1
39946,0
17170,1
2628,1
36764,0
33121,1
17097,0
35656,1
613,1
34835,1
23010,1
7803,1
4130,1
40385,0
27648,0
6181,1
33914,0
39620,1
7701,0
36626,1
3968,1
42641,1
31878,1
7986,1
38,1
952,0
8361,0
32260,1
36846,1
26722,0
21207,1
44455,1
45622,1
2687,1
45055,0
27126,0
33296,1
31421,1
19004,1
30283,1
44185,1
4812,0
41325,0
4321,1
38293,0
38414,1
36929,1
4601,1
5278,1
43654,1
26850,0
8591,1
35592,1
1266,0
23212,1
28636,1
20443,1
21810,1
4875,0
39312,1
14299,1
6960,1
41084,0
26360,0
15911,1
17257,1
36935,0
34688,0
7735,0
14497,1
7259,1
28564,0
22683,1
32606,1
34618,0
40046,1
24070,1
12312,1
24148,1
8251,0
36871,1
42304,1
44540,1
26694,1
43376,0
42751,0
19362,1
16487,0
35163,0
19666,1
1724,0
20253,1
15543,1
31558,1
32861,1
27246,1
39634,1
18420,0
21289,0
14822,1
13907,1
2194,1
31444,0
14946,1
8904,0
19859,0
1271,1
27322,1
11286,1
27264,1
20231,0
39124,1
36728,1
24830,0
45335,0
24422,1
8579,1
16061,1
5988,0
42105,0
24884,1
43444,0
35451,0
19879,0
7897,0
11341,0
20579,1
6443,1
7724,1
10504,1
20242,0
1507,1
22941,0
39380,1
22197,1
6622,1
42316,0
40962,1
5563,0
14065,1
25803,0
1991,1
43403,1
11248,0
44130,0
25987,1
8583,1
33707,0
44270,1
162,1
22706,0
15008,0
44073,1
20593,1
19065,1
34789,0
29337,1
5396,1
11591,1
29727,1
31557,1
26280,0
40644,0
41451,0
3546,0
34329,1
1337,0
30690,0
4610,1
14694,0
4723,0
23980,1
10576,0
41621,0
32800,0
11065,1
40626,1
1878,1
30675,0
30486,1
32304,0
3197,0
9481,1
3078,0
5054,1
38130,1
9939,0
1074,1
2770,0
309,0
22428,1
24944,0
33492,0
14996,0
12500,0
4540,1
44191,0
12172,1
36769,1
9283,1
38596,1
31206,0
4012,1
13306,0
29503,1
4118,1
28046,0
15604,0
38680,1
25547,1
40535,1
38121,1
39444,0
12043,1
41429,0
14134,0
6232,0
32302,0
4121,0
30084,1
9860,1
34786,0
10430,1
45158,1
20499,1
3908,0
30351,0
35426,1
15923,1
31457,0
29919,1
38223,0
7288,1
22163,0
29217,0
27748,1
25759,1
33589,0
7101,0
4316,0
23600,0
21634,1
11658,0
26052,0
35146,1
30865,1
38929,0
16856,0
17853,1
14541,0
29623,0
29327,0
28887,1
7628,1
3133,1
45046,1
29633,0
44708,1
23752,0
22896,0
7859,0
3924,1
30513,0
42288,0
18189,1
7196,0
30737,1
16851,1
26812,0
9980,1
9617,0
23727,1
28358,1
18078,0
18479,0
29968,1
18086,1
20218,1
43404,0
35854,1
7884,0
10935,0
7659,0
1679,1
32850,1
144,1
28783,0
25808,1
27091,0
20003,0
33692,1
18452,0
36233,1
19894,0
18704,1
12665,0
43386,1
1257,1
4897,0
29175,1
28128,0
26713,1
5009,0
33028,1
5509,0
25353,0
25500,1
23424,1
45865,0
28575,0
2337,0
19702,0
41147,0
37571,1
45984,1
24373,0
13708,1
8120,1
29027,1
16187,1
23169,0
3254,1
19761,1
7108,0
11618,1
9179,1
9624,0
45919,0
23003,1
17445,1
4768,1
34335,0
22705,1
38779,1
40462,0
37186,1
15782,0
25346,1
29724,1
28183,1
8288,0
31509,1
35200,0
41267,0
25424,0
3009,0
41890,1
11640,0
1779,1
12622,1
7583,0
43432,1
21728,0
33043,1
1876,0
7570,0
13496,0
23192,0
8708,1
36095,0
18059,1
13973,1
30831,1
6431,0
7996,0
23286,0
30628,1
33724,1
38966,1
1005,1
11008,0
25702,1
41032,1
34527,0
32029,0
14706,0
7763,0
43339,0
31622,1
40481,1
19935,0
37194,0
27656,1
6908,1
21909,0
156,1
23788,0
31961,1
28528,1
9468,0
20302,0
25310,0
11992,0
38589,0
22851,1
3957,1
14077,1
16457,1
17625,0
34433,0
5712,1
24680,1
20312,0
6801,0
4516,0
24519,0
18685,1
29792,1
4198,0
615,1
17142,1
24197,0
21822,1
35768,0
27398,0
43799,0
35764,0
40809,0
29801,1
19348,1
37898,1
2936,0
4129,0
14869,0
15338,1
18448,1
4766,0
25550,1
29053,0
13217,1
28177,1
9536,1
39167,0
19232,0
44108,1
42107,1
30079,1
14929,1
22675,1
41269,1
37815,1
8257,1
37767,0
3166,0
45043,1
34400,1
1104,1
12989,0
875,1
10902,0
37409,0
16735,1
24043,0
8293,1
37134,0
18432,1
3063,0
16148,1
23596,0
41177,0
30534,1
39941,1
6468,1
1361,0
38657,1
35928,1
41709,1
38604,1
7654,1
9639,1
9104,1
32307,1
2273,0
37334,1
22779,1
36672,1
13576,1
19017,0
19841,1
35566,1
1143,1
40396,1
39810,1
2179,1
4532,1
42610,1
18810,1
20830,1
34885,0
36339,1
16398,1
5532,1
13707,1
6396,0
24979,0
37570,1
11857,1
6509,0
15704,0
36019,0
29568,1
23106,1
21803,0
15860,1
25664,1
27719,0
20216,1
6685,1
14941,0
35341,0
28759,1
30399,1
34990,1
12919,1
4045,1
37999,0
12501,0
10909,0
27853,0
23594,0
23829,1
11990,1
3287,1
34219,0
28521,0
13332,0
20869,0
23506,0
40859,0
32504,0
31843,0
41831,1
30385,0
27399,1
42744,0
5040,1
39016,1
6876,0
15423,0
37786,1
41656,0
29510,1
42572,1
45506,0
45138,1
1060,0
40944,1
35236,0
34475,1
26028,0
17026,0
23266,1
34016,0
7563,0
45160,1
9034,0
20548,0
32931,1
23866,0
22442,0
15080,1
40291,0
945,1
7017,1
18004,0
5112,0
32772,1
42147,1
31854,1
12911,0
20585,0
21686,0
23529,1
23945,1
36078,1
32750,0
40975,0
45517,1
34170,0
41074,1
22116,0
7217,0
33815,0
14393,1
14861,0
27611,0
26453,1
17132,1
43223,1
8445,1
14263,0
43457,0
30927,0
2966,0
10473,1
37022,1
6890,0
35230,1
15417,1
44451,1
34273,0
4167,0
17733,1
12787,1
39798,0
27429,0
863,1
40295,0
23907,0
16365,1
8099,1
6176,0
5453,0
40343,0
5976,1
11177,0
8633,1
9783,1
17601,1
20427,1
23986,1
13894,0
2644,1
31542,0
45914,1
7810,0
37743,0
39357,1
15411,0
37747,1
7637,1
45428,1
12634,1
5277,0
18956,1
18147,0
15241,0
37338,0
28549,1
4726,0
41167,1
7599,1
11612,1
38687,0
7347,0
8102,1
12977,1
26676,0
2880,1
7027,1
5932,0
34921,0
23846,1
31040,1
38037,1
40136,1
21458,0
36453,1
41426,1
45793,0
15606,0
26258,1
36299,1
12457,1
12006,0
37828,1
32422,0
29123,1
18286,1
18472,0
8259,0
2204,0
21706,1
20075,1
2956,0
34522,1
12984,1
21563,1
12041,0
10915,1
30841,1
6090,1
21704,0
45578,1
9638,1
38623,1
44845,1
2564,0
15376,1
19781,0
15222,1
42827,1
19186,1
33027,1
25832,1
34523,0
30609,1
29513,0
42936,0
18397,0
28389,1
16637,1
36455,1
28822,1
2928,0
122,0
18763,1
36218,1
14525,1
11886,1
8325,1
7587,1
22917,0
14679,1
44736,0
29390,0
33978,0
1225,0
37123,1
38120,1
24736,1
27534,0
18496,0
29137,1
35420,1
41568,1
37024,0
27349,1
16704,1
16972,1
7919,0
9914,0
41119,1
33729,0
9440,1
11746,0
14002,0
11016,1
40652,1
40369,1
9824,1
665,1
19077,1
28970,1
13602,1
32682,1
34888,0
20031,1
37217,0
10122,0
26859,0
31930,1
17336,1
13929,1
40907,0
44177,1
37475,0
14234,1
10771,1
23047,1
13856,1
28749,1
44076,1
2938,1
15115,0
31239,0
6513,0
43661,0
42879,0
31172,0
34302,1
44028,0
35971,1
36083,1
13640,0
44060,1
1950,0
11662,1
10710,0
45979,0
32895,0
20343,1
17579,1
28017,1
2694,0
17211,1
13817,1
34376,1
16065,0
39069,1
22072,1
35243,1
2392,0
27668,0
24291,1
44880,1
31932,1
3450,1
519,1
6121,1
23634,1
32759,1
41335,0
31336,1
45024,1
34623,0
15886,0
45628,1
16534,0
22073,0
2927,1
1646,0
10558,0
1946,1
7878,0
37381,1
39475,1
16109,0
303,1
7865,1
25130,1
34383,1
21151,1
37922,1
19911,1
42966,1
15058,0
43479,1
25961,1
45342,1
11188,0
24449,0
13153,1
13459,1
15422,1
24761,1
35264,1
19855,1
4103,1
40726,1
39434,1
34253,1
68,0
14535,1
34718,0
29745,1
9508,1
37981,0
1252,0
7431,0
15110,1
38880,0
26669,0
42719,1
21617,0
18126,0
42848,1
38280,1
21801,1
38542,0
45731,1
19315,1
9688,0
28623,1
3321,1
8357,0
12811,1
10301,1
44286,1
32282,0
18199,0
14147,1
1081,0
26130,0
41222,0
10491,0
14056,1
19726,1
29911,1
23736,1
22112,1
45045,0
29155,0
28073,1
29282,0
11365,1
37033,1
29034,0
31294,1
17701,0
20275,1
9086,0
17577,1
44217,0
37050,1
9611,0
34421,1
28386,0
28048,0
7705,0
25835,0
30376,1
17367,1
17232,0
16680,1
4280,0
44019,0
43877,1
9726,0
18050,1
33095,0
2537,0
24623,0
36273,1
10587,0
35937,1
27801,1
13192,0
18651,1
18650,1
4793,1
329,1
27449,0
1684,1
3160,1
35691,1
37967,1
19748,0
12696,0
24557,1
37949,0
40188,0
43377,1
11195,1
19470,1
28135,0
31751,1
43781,1
24466,1
10792,1
43859,0
26215,0
16015,0
38782,1
28588,1
42489,1
36932,1
25181,1
44525,1
20597,1
26853,0
30121,0
37511,1
30539,0
6274,0
13465,1
28526,1
24590,0
37858,0
2028,1
11898,1
5082,1
17192,1
45917,1
32501,0
42108,1
21159,1
10061,1
567,1
38255,0
37460,1
28481,0
6844,1
23890,1
7198,1
26926,1
23498,0
38881,1
18043,1
36774,0
28094,0
7291,1
29628,0
29735,0
30119,0
32199,1
18854,1
16166,0
28897,1
23014,1
34236,0
41136,0
39401,1
2496,0
18384,0
29596,1
27637,1
11480,0
41127,0
29898,1
23709,1
33319,1
28504,1
3769,1
33789,0
2742,1
4595,1
18366,0
31162,0
35043,1
7667,0
35716,1
29297,1
30032,0
24461,1
39931,0
15183,1
27894,1
41690,1
14572,1
20507,1
42269,0
41685,1
25369,1
30827,1
5897,0
36556,0
20346,1
10169,1
24926,1
4312,1
5800,1
37741,0
8553,1
13699,1
18470,1
32937,1
21632,1
25123,1
38839,0
41619,1
17588,0
41210,1
2103,0
27843,0
28868,0
27286,1
32160,1
37240,1
17310,1
32184,1
27141,0
8762,1
20269,0
40371,0
39499,1
24858,1
28006,1
10688,0
42050,0
12303,1
4407,1
16957,0
23550,1
4703,1
21904,1
4590,0
42169,0
22562,0
15640,0
8966,1
43420,1
18686,1
1063,1
28931,1
35910,0
22633,1
40454,1
39598,0
13101,1
4032,1
38678,0
10562,0
18705,0
10974,1
22807,0
21238,1
14345,1
12856,1
20883,1
42063,1
2231,1
43625,1
12281,0
26663,1
43408,1
17967,0
12456,0
30726,1
41183,0
42954,1
9195,1
21626,1
27818,1
5270,0
10856,0
14910,0
15975,1
32363,0
29646,0
45324,0
43370,0
5673,0
9303,1
18227,0
27776,0
10533,1
6414,1
35102,1
32150,1
18426,1
36558,0
30164,0
958,0
43871,0
42146,1
9965,1
2411,1
20054,0
22097,1
491,1
2359,1
16377,0
6831,1
36952,1
15906,0
29492,1
17569,1
38496,1
45913,1
3613,0
2767,1
35810,1
18659,0
16921,1
34186,0
38007,1
9771,1
44696,1
879,0
14153,0
24106,1
44436,0
38495,1
11123,1
27346,0
8527,1
27082,1
11673,0
27356,1
40524,0
14032,0
4054,0
5104,1
41216,1
35280,1
9398,1
38797,0
27782,1
39342,1
31908,1
10424,0
21651,1
42325,1
17705,1
6095,1
18354,1
17213,0
27359,0
14465,1
32350,1
21258,1
11234,1
10993,1
26580,1
43441,0
24103,0
34263,0
42323,0
12228,1
21924,1
16742,0
30488,0
25284,1
2136,1
15001,1
2780,1
42608,1
26370,1
9755,1
31491,1
17627,1
974,0
35388,0
39036,0
39767,0
40754,1
4665,0
43315,0
24457,1
28735,0
17983,0
17594,1
15733,0
35547,0
4973,0
32487,1
8488,0
35298,1
6731,0
3986,1
21714,1
43694,0
37588,1
37436,0
22880,0
22734,1
32900,1
8213,0
42523,0
5917,1
33977,1
31146,1
1650,1
33765,1
6130,1
40163,1
25216,0
40941,1
5442,0
40244,1
23052,1
42724,1
32018,0
7174,0
26911,1
21471,1
2934,0
25927,1
37780,1
1314,0
37414,0
45812,1
10901,0
31550,1
38272,1
1860,1
42339,0
9763,1
38433,0
11701,0
35262,1
35984,1
41398,1
3190,0
38728,1
13948,0
22543,1
26888,0
31181,1
28328,0
42788,0
41164,1
22708,0
23214,0
12418,1
38513,1
30887,0
8792,0
1268,0
7571,0
10039,0
21290,1
6444,1
45398,0
19766,0
22008,1
352,0
11548,1
4649,1
29288,0
424,0
34267,1
30208,1
40610,1
12706,0
23001,0
23050,0
28719,1
3264,1
27727,0
22468,0
4169,1
33208,1
2459,1
23620,0
38923,0
33206,0
2980,0
27480,0
42090,1
8574,1
39661,1
27838,1
96,1
25097,0
18858,1
18414,1
29800,1
18333,0
19249,0
41993,1
35605,1
32213,1
6565,1
31129,1
22893,0
40199,0
28978,0
2409,0
24708,0
15721,1
22808,1
27364,0
30806,0
23633,1
13529,1
3549,0
42897,1
2451,0
25485,0
40532,0
7180,0
649,0
30323,1
4531,0
30978,1
36866,1
26880,1
1636,1
433,1
23508,0
16784,1
15658,1
4696,0
5640,1
1339,0
43837,0
34406,0
34422,0
27626,1
3619,0
25032,1
9604,1
17459,0
22513,1
14170,0
31948,1
29844,1
4570,1
45231,1
13971,0
31625,1
39602,0
40289,0
11816,1
444,1
5380,0
27571,0
28799,1
22839,0
39977,0
44533,0
19432,1
38614,1
31023,0
41582,0
44780,1
19701,1
35552,0
45236,1
4354,1
45004,1
1379,0
15682,1
30586,1
27321,1
15973,1
2689,0
29004,0
6517,0
34356,1
15924,1
32245,0
34784,1
19866,1
36406,0
41450,1
20632,0
30213,0
1795,1
21221,1
12537,0
43750,0
40630,1
31706,1
8378,1
24384,0
41498,1
42925,0
11310,1
15800,1
2616,1
41404,1
6269,1
39065,0
20897,0
26588,1
25228,1
1451,0
8809,1
45556,0
38919,0
31420,1
21800,0
44126,0
27869,0
2134,0
10779,0
14513,1
5208,0
29054,0
17390,0
7686,0
13374,0
115,1
969,0
13193,1
2683,0
45880,1
34222,1
29407,1
39709,0
9,1
20255,0
17437,1
32385,1
34686,1
23782,1
37251,0
20808,1
12703,1
34513,0
25570,1
13339,0
26498,1
26727,0
11621,1
7732,0
515,1
27984,1
9230,1
3870,1
1265,0
885,0
8894,0
37270,1
45474,0
23448,0
6185,1
11066,0
15755,0
43717,0
8168,1
26065,0
44109,0
18163,0
11043,1
3652,1
22865,0
39890,1
29523,1
8281,1
3479,1
25110,0
17178,0
38579,1
4379,0
7801,1
39974,0
19845,0
10183,1
34966,1
2338,1
24709,1
5918,0
29334,1
35410,0
24022,0
42722,1
3857,1
5250,1
28398,0
38301,1
35051,0
23711,0
32618,1
37369,1
9493,0
31561,0
45610,1
13918,1
31391,0
26704,1
11595,1
3020,1
33757,0
19811,0
24553,1
14482,0
1535,1
38052,1
12729,1
31644,1
26113,0
31021,1
12704,0
44950,0
40910,1
19256,1
38869,0
41652,0
5746,1
19961,1
34779,1
29292,1
43890,1
14609,1
38145,0
34317,0
40089,1
15144,1
20812,1
42802,1
20039,1
29112,0
17455,1
14775,0
3994,1
17082,1
20107,1
41353,1
20968,1
23630,0
22186,1
16195,1
12552,0
33110,0
8879,1
20718,0
5015,1
6136,0
20806,0
43031,0
28952,0
42456,1
11169,1
36150,0
10542,0
13115,1
31233,0
39285,0
24793,0
9990,0
25069,0
4986,0
44015,0
6231,0
73,1
42286,0
34986,0
18549,0
14094,0
19026,1
17638,1
22771,1
17939,0
10782,1
15708,1
18372,1
10452,1
34030,0
43811,0
26832,1
34344,0
43175,0
34922,0
13314,1
38727,1
13278,1
41628,0
20985,1
24669,1
43655,1
5312,1
4742,0
36311,0
40057,0
34585,1
22520,1
5462,1
19582,0
11776,1
34464,1
41418,0
24971,1
30781,0
26036,1
27261,0
40259,1
10362,1
8504,1
38050,1
45972,0
12022,0
38237,1
14936,1
4336,1
13991,1
15128,1
45977,1
21668,0
36128,1
10303,0
15002,0
18590,0
33467,0
11904,1
23922,1
26682,0
43948,1
45028,1
32205,1
34652,1
9152,0
13451,0
18267,0
24539,1
32520,0
26059,1
12082,1
3212,0
40196,0
25518,1
20728,1
10653,1
44459,1
43381,1
4005,0
15614,0
44743,0
12439,0
34038,0
29685,1
3600,1
38954,0
13866,0
26427,1
26091,0
14099,0
39797,1
43978,1
8188,1
34309,0
819,1
38266,0
40590,1
15352,0
34163,1
33055,0
42614,0
12105,0
4919,0
44709,1
43249,0
5251,0
45760,0
1814,0
20344,1
34357,0
32301,0
37938,0
35709,1
31157,1
28034,1
15359,1
18857,0
32657,1
23159,0
12755,0
15073,1
23681,1
10147,1
22644,0
38696,1
45973,0
29951,1
35550,1
16615,1
13427,1
30794,0
2754,1
15540,0
6674,1
20853,0
17741,0
4921,0
38731,1
16444,1
45775,1
24257,1
13134,0
22845,1
24213,0
12066,0
16556,1
28583,0
4241,1
3324,0
15332,1
38530,1
9019,1
25408,1
16982,1
27149,1
35893,0
9282,1
16746,1
39117,1
41613,0
40668,1
44654,0
38308,1
21906,0
3235,0
11912,1
11759,0
1187,1
21941,1
37819,0
28924,0
7404,0
14325,1
45786,0
15656,0
33664,1
27397,0
31095,1
10936,0
18095,1
11634,0
33683,1
30600,1
2115,1
42581,1
37787,0
25174,0
33409,1
14063,1
7479,1
13286,0
37143,0
37480,1
16806,0
9424,0
35314,0
7283,1
11969,0
39189,1
16082,0
3557,1
43645,0
14097,1
595,1
8623,1
42566,0
17300,1
32441,1
44255,1
41283,1
28040,1
5243,1
27799,1
42592,0
33266,1
28427,1
32963,1
25534,1
32023,0
15536,1
2532,1
3455,1
1890,1
17580,0
23995,0
43932,0
13580,0
14508,0
29106,0
6162,0
37253,1
4123,1
20334,0
35797,0
1059,1
22296,0
36836,0
21042,0
8355,1
13967,1
35364,0
8986,0
15518,0
43795,1
32679,1
45406,1
18168,0
21780,1
13475,1
19243,0
5461,1
40759,1
45260,1
7168,1
10810,0
36505,0
32880,0
13887,1
31605,1
20078,1
35020,1
23111,0
1042,1
23565,0
37156,0
1683,1
37006,0
42238,0
37470,0
4430,0
18275,0
25495,1
19699,1
19,1
39910,1
25577,1
10983,1
36253,1
36550,1
30324,0
12692,0
14276,0
28074,0
42579,1
32145,1
3690,0
35785,1
42500,1
34066,0
9612,1
34898,1
41901,1
24952,1
8185,1
20880,0
21919,1
23653,1
18008,1
45368,1
8690,1
17226,0
10080,1
33922,0
11059,0
37195,0
27757,0
4207,0
40981,1
24052,0
27890,0
25423,1
10475,0
24023,0
8415,1
3438,0
25754,1
5826,0
14662,1
14837,1
44256,1
21952,1
9983,1
38278,0
663,1
18374,1
32669,0
21752,0
6159,1
32843,0
44456,1
38218,0
4950,1
35091,1
17703,0
40921,1
34437,1
10121,1
9492,1
5559,1
20997,1
25767,0
25031,1
34722,1
27780,1
25272,1
6312,0
24107,1
12951,1
43480,0
15452,1
14562,1
243,1
37342,1
44952,1
43753,0
4706,1
42559,0
44062,1
36543,0
39859,0
5834,1
3726,0
16048,0
19140,1
35975,1
42893,0
17678,1
15312,1
21660,1
40061,1
28441,1
27846,1
32207,1
35519,0
34750,1
6653,1
31311,0
10194,0
18619,1
17609,0
42290,0
34118,1
34019,1
8682,0
38147,1
32345,1
36214,0
11003,1
1699,1
33974,1
39930,1
28981,1
22039,1
25179,1
1959,1
27464,0
16324,1
29825,0
41071,1
15760,1
160,0
30072,1
9239,1
26984,1
45828,0
11413,1
43757,1
15140,0
34326,1
41067,1
38140,1
37449,1
4724,1
43504,1
14511,1
31742,1
11135,0
20735,0
26677,0
11900,0
37626,1
40589,0
6592,0
15259,0
32560,0
13997,1
29198,1
39506,0
32011,0
45243,1
8636,1
24350,1
30923,0
31359,1
41193,0
19296,0
43218,0
12085,0
1286,1
29514,0
10442,0
22204,1
10366,1
21994,0
18356,1
9094,0
42424,1
38143,1
31332,1
29221,1
38669,0
35923,0
25264,0
26022,1
15554,1
12073,1
40407,1
31556,1
11438,0
26334,0
24499,1
35350,1
18607,0
26868,0
39596,0
20665,0
21596,1
26649,1
8742,0
32922,0
1237,0
19304,0
1557,0
754,0
19159,0
18582,1
23754,1
45706,0
26225,0
26119,0
16560,0
27269,0
20629,0
17345,1
33995,0
2528,0
15171,1
14178,0
44962,0
39089,1
34874,1
29983,1
32782,1
6544,1
6373,0
8880,1
27052,0
32914,1
30142,1
35028,0
44472,1
12164,1
31200,0
12890,0
45621,1
2818,0
580,1
23841,0
38645,1
9595,1
16485,0
9933,0
6817,1
14432,0
26877,1
21212,1
43111,1
13379,0
5300,1
37426,0
2837,0
25348,0
2943,0
6750,0
16429,1
13032,0
31050,0
7793,1
33046,0
35601,1
6707,1
2213,1
18890,0
38790,0
20023,0
15619,1
19556,1
15494,0
21342,0
7271,1
26772,1
36099,1
30685,0
67,0
45077,0
21101,0
31106,0
1276,0
39439,1
45048,1
756,1
14279,1
34739,0
40113,1
820,1
6422,1
4412,1
43297,0
3646,1
28684,0
8127,1
8841,0
31926,1
40178,1
15552,1
13162,0
1898,1
17123,1
2243,1
29343,1
29259,0
5125,0
28848,1
30189,1
18809,0
41990,1
17837,0
14993,0
36327,1
40379,1
23595,1
25804,0
39149,0
7569,0
28767,1
7433,0
40725,1
18986,0
27159,0
37988,1
24182,1
30704,0
4348,1
41692,1
27003,1
687,1
34733,1
7506,0
24143,0
2132,0
37835,1
32588,1
22662,1
34575,1
23182,1
4656,1
8373,1
18297,1
25952,0
10503,0
21211,0
26012,1
29950,1
13419,1
3437,1
25877,1
25106,0
39025,0
7376,1
3706,0
28663,0
32970,1
42174,1
22985,1
45056,1
34199,0
5923,0
34880,1
18117,0
16045,0
13445,1
43151,0
45356,0
31813,1
5032,0
10592,1
24260,1
21065,1
5263,1
21647,1
11730,0
42983,1
44263,0
7742,1
36695,1
26305,1
13779,1
34945,1
35108,1
16893,0
45831,1
40619,0
35686,0
18600,1
8764,1
44585,1
21048,0
30873,1
29859,1
25516,0
15502,1
28870,1
20528,1
30892,1
1543,0
10774,0
26372,1
26010,0
9940,1
45886,1
43346,1
26031,0
11057,1
22432,1
42112,1
21927,0
14580,1
21570,0
26185,1
8839,0
7165,1
22357,1
163,1
3055,0
8905,0
26189,1
2032,1
5898,1
9831,1
35673,0
29378,1
37440,0
3605,0
12934,1
32802,0
9957,0
19332,0
30316,1
41895,0
22291,1
6097,0
42132,0
20871,0
37459,0
33533,1
43771,1
11166,1
30897,0
24085,1
26198,1
5391,1
4400,1
9978,1
13298,1
11768,1
8341,0
40073,1
21550,1
26970,1
19818,1
12046,0
29091,1
11401,1
19511,1
18882,1
36245,1
16275,0
3225,1
35537,1
45292,1
15807,0
40402,0
9842,0
15089,0
16709,1
44279,1
1275,0
34761,0
28491,0
16242,1
569,0
18348,0
33217,1
23671,0
9686,1
15868,0
7177,1
18417,1
14787,1
30817,1
8327,0
15918,0
14845,0
4569,1
8891,0
13946,1
7814,0
26082,1
9790,1
34221,1
40504,1
777,1
18691,1
34857,0
33905,1
531,0
38903,1
24994,1
16219,0
24191,0
39846,1
44521,1
35440,1
39052,1
10294,0
19347,1
38307,1
43665,1
9944,1
20055,1
25670,0
14873,1
15999,1
13853,0
17398,0
13036,0
33370,0
39019,1
29278,0
31874,0
38304,0
19049,1
13590,0
30919,1
20525,1
208,1
11045,1
34235,1
7592,0
28938,0
34801,0
36759,0
1834,1
2740,1
7595,0
4883,0
26878,1
26194,1
34706,0
3262,1
18945,1
29700,0
36613,0
21251,1
2996,1
3860,1
8691,0
18364,1
13044,0
35067,1
34942,0
21375,0
36000,0
44121,1
17657,0
37903,0
16087,1
6660,0
10128,1
42485,1
26515,0
44813,1
11642,0
31286,1
40645,1
1606,1
29538,0
1068,1
4748,1
38951,1
21344,0
43418,0
16970,1
22900,0
35502,0
31244,0
35896,0
36649,0
39182,0
16590,1
32033,1
27214,1
20755,1
19272,1
41835,1
26173,1
25079,0
28407,0
37395,1
6641,0
33290,1
24569,1
41823,1
6409,0
38051,0
14636,1
16638,0
40277,0
38647,1
4660,1
13139,0
36186,1
40419,0
8459,1
4538,1
7034,1
32303,0
10001,0
41751,1
32070,1
14963,0
29505,1
26324,1
28692,0
33372,1
19814,1
29363,1
13520,0
20331,1
6747,1
11272,0
40786,1
11227,1
6056,0
38028,1
38648,1
5217,1
27184,1
38587,1
41533,1
18249,0
21434,1
12760,1
42772,0
24917,0
11340,1
34332,0
4518,0
22919,0
38851,1
1574,0
11579,1
5849,1
45869,1
36947,0
22728,0
45233,0
41410,0
29149,1
6163,0
25823,1
26824,1
7309,1
8573,1
36478,0
7409,1
23323,1
31671,1
44064,0
11200,1
35496,0
26381,0
20581,0
22189,1
5577,0
35169,1
692,1
12298,0
13068,1
41073,1
26545,1
1422,0
7367,0
4183,1
20306,0
19369,0
24687,1
6838,1
44929,0
23115,1
28886,0
14028,1
40591,1
20973,1
9384,1
4958,1
23319,1
3045,1
21224,0
14100,0
40942,1
43079,0
23393,1
1797,0
30584,0
34811,0
2655,1
25074,0
11379,1
4761,0
39022,0
8837,0
45567,0
26404,1
27982,0
28573,1
35306,1
23990,1
37619,1
11599,1
32491,0
30027,0
30804,1
29868,1
18042,0
17868,0
24094,0
21741,1
11619,1
26233,1
27456,0
32884,0
7829,1
20368,0
31840,1
40097,1
15297,0
43633,1
346,0
28455,0
5123,0
30960,1
40875,1
35834,0
35527,1
441,0
43038,0
5205,0
44526,0
17251,1
23834,1
20296,0
43282,0
30567,1
3058,1
19530,0
26698,1
11362,0
41271,0
32830,1
12605,0
41522,1
34225,1
14906,0
495,0
35894,1
2653,1
20672,0
24341,1
18620,1
39195,1
23623,0
22393,1
18010,1
1853,0
497,0
15215,1
8625,0
12734,0
23379,1
18641,0
35284,1
15232,1
24517,1
39613,1
36391,1
30020,1
6093,0
23867,1
40267,1
35188,0
748,0
9026,1
31113,1
14527,1
26901,1
38290,0
16279,1
9657,0
23617,0
10427,1
21586,1
21288,1
4357,0
37622,0
7882,0
23177,1
6974,1
3086,0
21340,0
43681,1
16215,1
31495,0
4284,1
16626,1
13233,1
38116,1
12084,0
43451,1
39610,1
271,0
22505,1
37377,0
20564,1
11092,0
40492,0
30289,0
39207,1
17910,1
9947,1
25327,1
30728,1
10208,1
31764,1
22382,0
30088,0
15409,1
32776,1
6335,0
24329,1
31110,0
38630,1
41339,0
22377,1
44551,1
44716,0
30730,1
2418,0
38809,1
33223,1
23174,0
10168,0
32324,1
8015,0
21166,0
29089,1
26797,1
5507,1
25434,0
155,1
29618,1
10010,1
8144,0
10700,1
16872,1
25609,0
3475,1
24878,1
37254,0
27053,1
26333,1
20015,1
8115,0
35085,0
33323,1
41607,0
14422,1
28375,1
20642,1
39242,1
2306,1
12284,0
30475,1
24321,1
7625,1
35883,1
23813,1
35730,0
17779,0
5544,1
36074,0
11360,0
8692,1
45985,1
5038,1
9581,0
29257,1
27027,0
30673,1
26886,1
37078,1
1111,1
28727,0
11015,0
4471,0
10236,1
8780,0
33433,0
9099,1
29573,0
19282,1
4063,0
26205,1
21821,1
8771,1
34455,1
19481,1
33017,1
6760,1
15883,0
33821,0
19037,1
30711,1
41867,1
7131,1
25345,1
9002,0
35212,0
24324,0
4931,1
19738,1
16406,0
45200,0
35115,0
21448,0
14081,1
12603,1
27340,0
11732,0
43798,1
147,0
16531,1
44036,0
33491,1
21483,1
5580,0
3162,0
45169,0
10067,1
14359,0
8699,1
13263,0
14420,0
38733,0
16747,1
7244,0
19268,0
39760,0
24820,1
7085,1
8609,1
3767,1
17402,1
2990,1
45490,0
33718,1
15861,0
12527,0
21727,0
2713,0
29172,1
7153,1
41516,1
24356,1
17250,1
18520,0
26223,0
13819,0
29000,0
23320,1
28240,0
29005,1
45703,0
1918,0
20738,1
20731,1
732,0
41888,1
25950,0
13240,1
25196,0
17531,1
8725,0
21573,0
43994,0
41696,1
36531,0
44914,0
8176,1
41639,1
10235,1
36881,1
37685,1
22891,0
32387,1
17423,1
25041,1
2682,1
3638,1
8278,1
41036,0
23008,1
9460,1
30889,1
5554,1
35334,0
36630,0
13625,0
8627,1
37073,0
39329,1
39594,0
5867,1
38978,1
1426,0
1402,1
19667,1
4884,1
4786,1
5450,1
518,1
17287,1
32035,0
26924,1
16391,0
22464,1
29102,1
6215,0
29159,0
12369,0
7653,1
33731,0
7515,1
27694,0
30224,1
44807,0
28136,1
21332,0
38920,0
36276,1
23244,0
20982,1
23254,1
25530,1
15895,1
33753,1
7762,0
17145,1
20610,0
28196,0
3514,0
10910,0
4615,0
29178,0
22853,0
8057,0
27561,1
43482,0
28905,0
27755,0
16445,1
5548,1
16090,1
6676,1
38815,1
30243,1
42678,0
3276,1
16418,1
34932,0
38653,0
13396,0
28032,0
37910,0
37584,1
17320,0
11290,1
29218,0
38720,1
15165,0
29303,1
34080,1
37926,0
33636,1
13356,1
35127,0
301,0
39205,0
16113,0
42365,1
26602,1
4219,0
44527,0
28844,0
29848,1
42036,1
45604,0
35833,0
43393,0
39662,1
38132,0
23228,0
40727,1
10535,1
6016,1
22334,0
17052,1
11398,0
15060,1
6526,0
18996,1
2220,1
11651,1
38100,1
5036,0
11644,0
30542,0
14799,0
21569,0
25356,0
37709,0
29806,1
5694,0
12366,1
37816,1
28857,1
16432,1
30890,1
2141,1
12635,0
43852,1
15675,1
32054,1
5651,1
39440,1
16079,1
21118,0
35299,1
36440,0
2826,1
22131,1
6035,1
8273,0
29598,1
20274,0
13282,1
13809,1
29619,1
10130,1
41559,1
2621,1
1319,0
836,1
34173,0
23125,1
18135,0
25363,1
38723,1
43328,0
20866,1
16925,0
25225,1
6173,1
2125,1
28977,1
8565,1
36803,0
2214,1
590,1
19591,1
10577,1
10417,1
14628,0
18036,1
36578,1
4259,0
2597,0
9343,0
15368,0
39782,1
14324,1
42926,0
18556,0
9932,0
11982,0
23135,0
35530,0
17768,1
32784,1
2097,0
8329,0
29821,1
3970,0
45089,1
26977,0
35832,1
23097,0
23265,0
29431,1
5528,1
20679,1
6069,1
1296,1
23436,1
10546,0
41940,0
34956,0
15938,1
17135,1
44617,1
19602,1
8635,0
45339,0
41293,1
5817,1
26794,0
38180,1
43185,1
37367,1
918,1
11577,1
215,0
12925,1
25082,0
7936,1
41406,1
28434,0
20607,0
12424,1
23112,1
17050,1
34182,0
211,1
14223,1
24772,1
12662,1
20414,0
14568,1
27724,1
33614,1
24982,1
32277,1
12181,0
33007,1
44992,1
39736,1
30003,1
29537,1
41436,0
18927,0
21121,1
29483,1
197,0
37175,1
5097,1
28914,1
15873,0
13923,1
39015,1
570,1
37382,1
12160,0
22372,1
32312,1
2099,1
10477,0
24371,0
22847,1
13825,1
15440,0
29116,1
43204,1
43447,1
31322,1
13567,1
45849,0
3281,1
19888,0
24693,0
3417,0
41578,0
22017,1
12079,0
5911,1
6786,0
45640,0
34307,0
12699,0
42537,0
30590,1
1969,0
25192,0
17912,1
7617,0
37497,0
41510,1
39899,0
1690,0
41411,0
37184,1
5318,1
5324,0
22911,0
11484,0
27867,1
26631,1
10144,1
9172,0
38058,1
21246,0
36980,0
8331,1
24345,1
35480,1
20425,1
44313,0
15726,0
43945,1
40679,0
45063,1
45395,0
45754,1
25629,0
42157,1
36039,1
37645,1
25962,0
26150,1
29543,0
7733,1
10926,0
33101,1
18294,0
25540,1
20531,0
5286,1
7699,1
42011,0
43362,1
12799,0
40780,1
40007,1
20805,0
40338,1
19394,0
23947,1
13084,0
16158,1
17831,1
4007,1
21090,0
246,1
23445,1
37471,0
20734,0
5230,1
39132,0
19868,1
12973,1
37941,1
33824,0
3535,1
26260,1
29611,0
17507,1
25428,1
28124,0
37178,1
34419,1
22267,0
27238,0
39614,1
13867,0
17204,0
27472,1
45572,1
25075,1
16691,1
10140,1
6474,1
23069,0
12820,1
24735,0
5037,1
16286,0
28743,1
9813,1
10905,0
13204,0
2978,1
16393,0
38571,1
13321,0
27462,0
4891,1
30254,1
25574,1
23142,1
14717,1
18780,1
34023,0
5744,1
33520,1
13242,0
7482,1
41301,0
38267,1
24934,1
14268,0
2413,1
14383,0
11938,1
38736,1
29136,0
42267,0
16566,1
6633,1
45940,1
24235,1
39445,1
38649,1
3136,0
20547,1
32848,0
44513,0
6553,0
41046,1
2351,1
21475,0
4903,1
41749,0
32736,1
3024,1
29608,1
8012,0
44884,1
23324,1
18228,1
37884,1
19716,0
28205,1
32840,0
33880,0
15981,0
6752,0
7565,0
38196,1
10185,0
27279,1
6028,0
41609,1
37083,0
30930,0
8158,0
33064,1
28281,0
16686,1
22278,0
2697,1
44202,1
44412,1
36570,0
41640,1
31173,1
1545,0
40293,0
37059,0
42431,1
27427,1
35403,1
29352,1
44671,1
32202,0
38658,0
11993,0
37492,1
29201,1
1082,0
19744,1
45932,1
43286,1
20956,1
44550,1
1820,0
3424,1
27196,1
28788,0
9619,1
32893,0
34049,0
13650,1
19709,1
42309,1
26315,1
897,0
38173,1
25067,1
25719,1
8369,0
13210,1
33633,1
2008,1
18105,1
44961,0
39079,1
842,1
5342,1
12237,0
21504,1
15997,1
3753,0
16602,0
31783,0
8351,0
3633,1
22577,1
11054,1
31320,1
1888,0
2832,0
41360,1
22501,1
35006,1
30499,1
36006,0
16451,0
39349,1
31825,0
5797,1
33903,0
6769,0
19971,0
34630,1
42770,0
31524,1
3329,1
20024,1
4030,1
37383,1
9549,1
10402,1
11873,1
34209,0
19955,0
40191,1
1817,1
43543,0
42158,1
17400,0
23118,1
9788,1
39990,0
28585,0
27028,1
4052,1
5192,1
21248,0
29382,0
25076,1
8311,1
14107,1
19976,1
16438,0
15249,0
35154,1
3712,1
17419,0
10706,0
24908,1
36402,0
34583,1
568,1
24580,0
17010,1
6813,1
5946,0
16999,1
37653,1
29176,0
4181,1
40672,0
40894,0
6603,0
17935,1
34944,0
4613,0
11841,1
31632,0
19321,0
10290,1
14160,0
14583,0
32453,0
17075,0
43025,0
21456,0
7883,1
42383,1
18634,1
2363,1
39096,0
33938,1
28436,0
40742,1
7336,1
11545,1
33471,1
14732,1
932,1
22897,0
21093,0
13137,1
43110,0
38423,0
21944,0
25973,1
29749,1
17212,0
21044,1
17691,0
35643,0
32239,1
3123,0
22408,0
8086,1
4390,1
2902,0
8109,0
31301,1
7427,1
9232,0
8089,0
4215,1
23380,0
26088,0
25880,1
2126,1
7256,0
29996,0
28252,0
391,1
10495,1
13159,1
42669,1
10864,1
34800,0
16346,0
23872,1
44027,0
38338,1
14440,1
15715,0
3414,1
16604,1
45644,0
9060,0
32343,1
41083,1
23658,1
4131,0
12716,1
17450,0
33845,0
2510,1
34064,0
14743,1
22200,0
45875,1
3820,1
11583,1
23203,1
44714,1
29515,0
36433,0
43814,0
13952,0
19056,0
1254,1
21054,1
38760,1
2334,1
3898,1
16600,1
35345,0
31245,0
40000,1
2728,0
38842,1
4604,1
40924,0
3626,1
23731,0
42021,1
44921,1
40748,1
183,0
17576,0
29387,1
40587,0
5570,0
22595,0
1669,0
30613,0
36533,0
21825,1
8409,0
35501,1
28637,1
27099,0
6478,0
30655,1
8222,1
27430,1
38823,1
35126,1
34323,1
5624,1
25426,1
8298,1
38489,1
21281,1
19581,0
24642,1
28509,0
35911,0
32147,1
17323,1
45201,1
18347,0
39765,0
45002,1
36884,1
21035,1
25561,1
43317,1
36356,1
20996,1
8555,0
826,0
39344,0
24784,0
44035,0
26361,1
15881,0
24938,0
26837,1
35482,0
3531,1
14690,0
34987,1
14476,1
39092,1
8421,0
9587,0
38329,0
2817,0
30924,1
41677,1
20508,1
29667,1
22528,1
12100,1
27070,0
13202,0
19672,0
14004,1
8876,1
31761,1
28512,0
15909,1
19338,0
37032,1
5493,0
42256,1
15556,0
5633,0
31830,0
40669,1
34557,1
19262,0
30070,0
45436,0
15255,0
34316,0
15092,1
10811,1
18715,0
28595,0
39969,0
18963,0
9456,0
36863,0
3247,1
28166,0
21012,1
6154,1
37355,0
21314,1
195,0
5505,1
22192,0
9531,1
19642,1
10414,1
35180,1
7529,1
31434,0
20596,0
23313,0
5699,0
30382,0
41468,0
45607,1
24651,1
28086,1
8502,0
2926,1
45874,1
20152,1
26620,0
36275,0
30227,0
8765,0
32398,0
2765,0
4159,1
34822,0
9057,1
36015,1
26526,0
36336,1
12350,1
41553,0
45465,1
33236,0
4967,1
30222,0
38276,1
31574,1
34928,1
37728,1
38434,0
19916,0
32943,1
16804,0
21692,0
42165,1
5429,1
25412,1
8173,1
2307,1
23222,0
10747,1
15078,0
22420,0
40737,1
6986,1
31906,1
9010,1
20001,1
35258,0
28935,0
32554,0
14741,1
5070,0
45673,1
45891,1
37007,1
37730,1
13062,0
26543,0
27115,1
36022,0
15416,1
21991,1
35057,1
21807,1
32162,1
31121,1
21542,1
25267,0
14158,0
33865,1
25763,0
16992,1
11684,0
13293,0
2063,1
35868,0
42546,1
38706,0
9666,1
31107,1
28675,1
36435,1
14891,0
34176,1
37977,1
28167,1
8987,1
32962,0
33782,1
10131,1
13405,1
34803,1
34431,1
11723,0
20141,1
38554,1
34021,0
14326,0
30464,1
16728,0
14848,1
40621,1
2632,0
1777,1
3676,0
37341,1
44739,1
19226,0
13863,1
15702,0
43712,0
7721,0
17684,0
11099,0
21583,1
38021,0
37664,0
778,0
40643,1
45600,0
27012,0
38068,1
27390,1
31792,0
6441,1
41870,1
31013,1
37271,0
14638,0
27810,0
42104,1
7624,0
10027,0
36102,0
30124,0
43754,1
38527,0
41854,1
35951,0
41955,1
4083,0
41714,1
31353,1
37106,1
44290,1
22386,1
45032,1
36584,1
13264,0
27858,0
44664,1
33623,1
45115,1
32665,0
23432,0
23574,1
31935,1
44494,0
23370,1
1084,0
40236,1
4469,0
23100,0
32243,1
24431,0
15759,0
41208,1
26624,0
36797,0
39824,1
26598,1
8506,1
9434,0
23969,1
3149,1
84,1
40252,0
42060,1
24379,0
42470,0
38997,1
16104,1
11067,1
15212,1
38446,1
20300,1
44223,1
45049,1
2582,0
36486,1
32064,1
43769,0
44167,1
278,1
9630,0
18657,1
43132,0
37203,0
44405,0
2929,0
31170,0
23994,1
20180,0
15969,1
41369,0
33501,1
11333,0
45155,1
32866,1
6587,1
25061,1
9395,0
38320,1
25681,1
27689,1
12374,0
4160,1
16575,1
9063,0
8426,1
18532,0
38133,1
8812,1
32635,0
36664,0
20032,1
12359,0
